{
  "project_info": {
    "project_number": "250251723634",
    "firebase_url": "https://mychatprofile-95964.firebaseio.com",
    "project_id": "mychatprofile-95964",
    "storage_bucket": "mychatprofile-95964.appspot.com"
  },
  "client": [
    {
      "client_info": {
        "mobilesdk_app_id": "1:250251723634:android:51426d6186d4206f0fd3eb",
        "android_client_info": {
          "package_name": "com.example.chatchatprofile"
        }
      },
      "oauth_client": [
        {
          "client_id": "250251723634-egifc67nr1v9gbeh1vc53640eh9bfen9.apps.googleusercontent.com",
          "client_type": 3
        }
      ],
      "api_key": [
        {
          "current_key": "AIzaSyDhqeSFdgP8P7OfMLU_tXxmd1d9Tp_NUss"
        }
      ],
      "services": {
        "appinvite_service": {
          "other_platform_oauth_client": [
            {
              "client_id": "250251723634-egifc67nr1v9gbeh1vc53640eh9bfen9.apps.googleusercontent.com",
              "client_type": 3
            }
          ]
        }
      }
    }
  ],
  "configuration_version": "1"
}